{"cameraMode":{"drawMode":0,"name":"Shaded","section":"Shading Mode"},"sceneLighting":false,"audioPlay":false,"sceneViewState":{"showFog":true,"showMaterialUpdate":true,"showSkybox":false,"showFlares":true,"showImageEffects":true,"showParticleSystems":true},"in2DMode":false,"pivot":{"x":0.0,"y":0.681252658367157,"z":-0.12342935800552368},"rotation":{"x":0.20887592434883119,"y":0.37224286794662478,"z":-0.08637309819459915,"w":0.9001922011375427},"size":2.4255688190460207,"orthographic":true}