{"cameraMode":{"drawMode":0,"name":"Shaded","section":"Shading Mode"},"sceneLighting":false,"audioPlay":false,"sceneViewState":{"showFog":true,"showMaterialUpdate":false,"showSkybox":false,"showFlares":true,"showImageEffects":true,"showParticleSystems":true},"in2DMode":false,"pivot":{"x":0.0,"y":1.379962682723999,"z":-0.09184622764587403},"rotation":{"x":0.2120419442653656,"y":-0.4680575430393219,"z":0.1167764663696289,"w":0.8498967885971069},"size":2.7801620960235597,"orthographic":true}