{"cameraMode":{"drawMode":0,"name":"Shaded","section":"Shading Mode"},"sceneLighting":false,"audioPlay":false,"sceneViewState":{"showFog":true,"showMaterialUpdate":true,"showSkybox":false,"showFlares":true,"showImageEffects":true,"showParticleSystems":true},"in2DMode":false,"pivot":{"x":-0.8585224151611328,"y":0.37366196513175967,"z":-1.4992175102233887},"rotation":{"x":-0.13113535940647126,"y":-0.7569645047187805,"z":0.1601545810699463,"w":-0.6198055148124695},"size":1.7137876749038697,"orthographic":true}