{"cameraMode":{"drawMode":0,"name":"Shaded","section":"Shading Mode"},"sceneLighting":false,"audioPlay":false,"sceneViewState":{"showFog":true,"showMaterialUpdate":false,"showSkybox":false,"showFlares":true,"showImageEffects":true,"showParticleSystems":true},"in2DMode":false,"pivot":{"x":1.185382604598999,"y":0.1650441437959671,"z":0.07027263939380646},"rotation":{"x":-0.02159177139401436,"y":0.9767504334449768,"z":-0.11926259845495224,"w":-0.17683343589305879},"size":3.471832752227783,"orthographic":true}