{"cameraMode":{"drawMode":0,"name":"Shaded","section":"Shading Mode"},"sceneLighting":false,"audioPlay":false,"sceneViewState":{"showFog":true,"showMaterialUpdate":true,"showSkybox":false,"showFlares":true,"showImageEffects":true,"showParticleSystems":true},"in2DMode":false,"pivot":{"x":0.0000019073486328125,"y":5.178249359130859,"z":0.0},"rotation":{"x":0.34104377031326296,"y":0.2786862552165985,"z":-0.10661931335926056,"w":0.8914352655410767},"size":33.993858337402347,"orthographic":true}