{"cameraMode":{"drawMode":0,"name":"Shaded","section":"Shading Mode"},"sceneLighting":false,"audioPlay":false,"sceneViewState":{"showFog":true,"showMaterialUpdate":true,"showSkybox":false,"showFlares":true,"showImageEffects":true,"showParticleSystems":true},"in2DMode":false,"pivot":{"x":-16.436176300048829,"y":-7.020811557769775,"z":428.0515441894531},"rotation":{"x":0.45911166071891787,"y":0.005331478547304869,"z":-0.002752698725089431,"w":0.8883681893348694},"size":358.3163146972656,"orthographic":true}