{"cameraMode":{"drawMode":0,"name":"Shaded","section":"Shading Mode"},"sceneLighting":false,"audioPlay":false,"sceneViewState":{"showFog":true,"showMaterialUpdate":false,"showSkybox":false,"showFlares":true,"showImageEffects":true,"showParticleSystems":true},"in2DMode":false,"pivot":{"x":-0.0347900390625,"y":3.2601318359375,"z":0.3779296875},"rotation":{"x":-0.10536907613277435,"y":0.78505939245224,"z":-0.13922689855098725,"w":-0.5943362712860107},"size":1.6642247438430787,"orthographic":true}