{"cameraMode":{"drawMode":0,"name":"Shaded","section":"Shading Mode"},"sceneLighting":false,"audioPlay":false,"sceneViewState":{"showFog":true,"showMaterialUpdate":false,"showSkybox":false,"showFlares":true,"showImageEffects":true,"showParticleSystems":true},"in2DMode":false,"pivot":{"x":0.0352783203125,"y":0.6033935546875,"z":-0.0841064453125},"rotation":{"x":-0.05370369553565979,"y":0.9343869686126709,"z":-0.15991300344467164,"w":-0.31379956007003786},"size":0.9743180871009827,"orthographic":true}