{"cameraMode":{"drawMode":0,"name":"Shaded","section":"Shading Mode"},"sceneLighting":true,"audioPlay":false,"sceneViewState":{"showFog":true,"showMaterialUpdate":true,"showSkybox":true,"showFlares":true,"showImageEffects":true,"showParticleSystems":true},"in2DMode":false,"pivot":{"x":-2.9217660427093508,"y":4.674458026885986,"z":182.52902221679688},"rotation":{"x":0.12094620615243912,"y":-0.8749282360076904,"z":0.2830618917942047,"w":0.3738350570201874},"size":5.44045352935791,"orthographic":true}